loss,accuracy,val_loss,val_accuracy,lr
1.2598583698272705,0.7415391206741333,0.9267697930335999,0.9392361044883728,1e-04
1.008573055267334,0.8760508894920349,0.8818356990814209,0.9565972089767456,1e-04
0.9406212568283081,0.9062297940254211,0.8150268793106079,0.9557291865348816,1e-04
0.8949751257896423,0.9280017018318176,0.8311131000518799,0.9557291865348816,1e-04
0.8585681915283203,0.9463246464729309,0.7583059668540955,0.9670138955116272,2e-05
0.8480413556098938,0.9523604512214661,0.7530338764190674,0.9678819179534912,2e-05
0.8361368775367737,0.9566717147827148,0.7420253157615662,0.9704861044883728,2e-05
0.8312362432479858,0.9661564826965332,0.7472561597824097,0.9756944179534912,2e-05
